,top_words,tfidf,embedding,dataset,model,weights,multi_choice,same,human_choice
6,"[(0.16483417370074865, 'system'), (0.15398472595320703, 'battery'), (0.11300389006063566, 'control'), (0.10831620440970953, 'power'), (0.09497702827858077, 'management'), (0.09021292414044382, 'grid'), (0.08555378868327287, 'load'), (0.07543137454104712, 'network'), (0.06172002266363932, 'propose'), (0.051965867568715386, 'operation')]","[('2016 business operations and trade', 5.23)]","[('4811 organisation of transport', 0.9)]",journal_energy_policy_applied_energy_1997_2020_abstract_all_ngram_min_freq_150,k30_a0.01_var0.05,0.41536768273095664,"[(['6621 electrical and nuclear industries'], 'baseline'), (['4811 organisation of transport'], 'emb'), (['2016 business operations and trade'], 'tfidf')]",False,baseline
28,"[(0.5060304006081716, 'energy'), (0.11169680145064598, 'energy_efficiency'), (0.06901930718404842, 'building'), (0.05628206454319432, 'system'), (0.054917196782609826, 'paper'), (0.04679641364580234, 'analysis'), (0.04401333989113056, 'indicator'), (0.04256382768589895, 'measure'), (0.03850160079437592, 'present'), (0.030179047414122015, 'energy_consumption')]","[('6626 renewable energy', 22.08)]","[('6411 technology and technical regulations', 0.93)]",journal_energy_policy_applied_energy_1997_2020_abstract_all_ngram_min_freq_150,k30_a0.01_var0.05,1.2785082173452136,"[(['6626 renewable energy'], 'tfidf'), (['6411 technology and technical regulations'], 'emb'), (['2016 business operations and trade'], 'baseline')]",False,emb
19,"[(0.24835487933937742, 'oil'), (0.14423338520589057, 'energy'), (0.10297991880042384, 'country'), (0.09490416195690463, 'intensity'), (0.08975760421895494, 'change'), (0.07156292471275692, 'gas'), (0.06645373892866906, 'production'), (0.06410558482352695, 'increase'), (0.06322502002121469, 'import'), (0.05442278199228119, 'natural_gas')]","[('6616 oil and gas industry', 13.46)]","[('6406 production', 0.93)]",journal_energy_policy_applied_energy_1997_2020_abstract_all_ngram_min_freq_150,k30_a0.01_var0.05,1.0152724769842594,"[(['6616 oil and gas industry'], 'tfidf'), (['6611 coal and mining industries'], 'baseline'), (['6406 production'], 'emb')]",False,tfidf
62,"[(0.13486483892638448, 'percent'), (0.1326208738918839, 'projection'), (0.12022749254494992, 'forecast'), (0.11063003938520322, 'year'), (0.1062938218757101, 'case'), (0.10232074369947437, 'iea'), (0.0906998040586822, 'growth'), (0.0725395969558353, 'reference'), (0.06776241975696172, 'project'), (0.06204036890491471, 'energy_consumption')]","[('1631 economic analysis', 1.64)]","[('2451 prices', 0.88)]",greyroads_ieo_min_freq_40_1997_2020_ngram,k30_a0.01_var0.05,0.5899835215096526,"[(['2451 prices'], 'emb'), (['7206 europe'], 'baseline'), (['1631 economic analysis'], 'tfidf')]",False,tfidf
18,"[(0.2529209601264947, 'heat'), (0.1524204002659556, 'transfer'), (0.13981751358201974, 'flow'), (0.08493021436996556, 'temperature'), (0.0713918828475939, 'model'), (0.069631986994811, 'rate'), (0.06541944415498042, 'result'), (0.058899713884963865, 'fluid'), (0.052922500501095995, 'thermal'), (0.051645383272119365, 'performance')]","[('2016 business operations and trade', 3.61)]","[('6411 technology and technical regulations', 0.85)]",journal_energy_policy_applied_energy_1997_2020_abstract_all_ngram_min_freq_150,k30_a0.01_var0.05,0.9392755371375633,"[(['6411 technology and technical regulations'], 'emb'), (['7226 asia and oceania'], 'baseline'), (['2016 business operations and trade'], 'tfidf')]",False,emb
67,"[(0.17233755385462157, 'energy'), (0.15494276354573927, 'energy_consumption'), (0.09982194012700482, 'sector'), (0.09208199920906594, 'energy_use'), (0.08514681922628368, 'industrial_sector'), (0.08403631126257642, 'increase'), (0.08312798989968763, 'industrial'), (0.08272112899401941, 'growth'), (0.07291952396400533, 'intensive'), (0.07286396991699601, 'residential')]","[('6626 renewable energy', 7.52)]","[('6406 production', 0.92)]",greyroads_ieo_min_freq_40_1997_2020_ngram,k30_a0.01_var0.05,1.4101054667748845,"[(['6411 technology and technical regulations'], 'baseline'), (['6406 production'], 'emb'), (['6626 renewable energy'], 'tfidf')]",False,emb
13,"[(0.29160376345474104, 'biomass'), (0.16458266419648407, 'production'), (0.0751008652712026, 'waste'), (0.07496457962169584, 'potential'), (0.0743748346117614, 'bioenergy'), (0.0726991535763113, 'biogas'), (0.07012879449351082, 'wood'), (0.05932417821911127, 'yield'), (0.05917220135278042, 'high'), (0.0580489652024011, 'increase')]","[('6406 production', 8.61)]","[('6626 renewable energy', 0.89)]",journal_energy_policy_applied_energy_1997_2020_abstract_all_ngram_min_freq_150,k30_a0.01_var0.05,0.5394175763853412,"[(['6406 production'], 'tfidf'), (['6626 renewable energy'], 'emb'), (['6416 research and intellectual property'], 'baseline')]",False,emb
26,"[(0.1613411048886708, 'scenario'), (0.11938794834404087, 'electricity'), (0.11662670169396802, 'generation'), (0.1048269780473761, 'technology'), (0.08999135107205701, 'cost'), (0.08727852052424752, 'power'), (0.08650426976969082, 'energy'), (0.08628710870273772, 'future'), (0.08215330722126027, 'system'), (0.06560270973595109, 'demand')]","[('6411 technology and technical regulations', 5.76)]","[('6406 production', 0.9)]",journal_energy_policy_applied_energy_1997_2020_abstract_all_ngram_min_freq_150,k30_a0.01_var0.05,1.1807973973389123,"[(['6406 production'], 'emb'), (['4811 organisation of transport'], 'baseline'), (['6411 technology and technical regulations'], 'tfidf')]",False,emb
32,"[(0.19966528365036137, 'fuel'), (0.15430094582078407, 'cost'), (0.0845809259903958, 'biofuel'), (0.08338854510845131, 'liquid'), (0.08321884533489586, 'production'), (0.07988711225056556, 'ethanol'), (0.07975562163559224, 'market'), (0.07929113000883882, 'feedstock'), (0.0782352514091317, 'process'), (0.07767633879098336, 'product')]","[('2016 business operations and trade', 8.49)]","[('6616 oil and gas industry', 0.89)]",greyroads_aeo_min_freq_40_1997_2020_ngram,k30_a0.01_var0.05,0.433302200157449,"[(['2016 business operations and trade'], 'tfidf'), (['6831 building and public works'], 'baseline'), (['6616 oil and gas industry'], 'emb')]",False,emb
85,"[(0.27178815904789105, 'emission'), (0.11602626403676679, 'sulfur'), (0.11070617678715827, 'reduce'), (0.08853658520111038, 'reduction'), (0.08782113065769359, 'standard'), (0.0718382063967017, 'fuel'), (0.06803260027726238, 'new'), (0.06307370924681044, 'require'), (0.06157375533252776, 'target'), (0.060603413016077794, 'dioxide')]","[('5206 environmental policy', 10.89)]","[('5216 deterioration of the environment', 0.85)]",greyroads_ieo_min_freq_40_1997_2020_ngram,k30_a0.01_var0.05,0.4528647105472565,"[(['5216 deterioration of the environment'], 'emb'), (['6036 food technology'], 'baseline'), (['5206 environmental policy'], 'tfidf')]",False,tfidf
55,"[(0.13788170012557377, 'pipeline'), (0.1366207790683022, 'region'), (0.13151853633045127, 'natural_gas'), (0.12349884462270416, 'lng'), (0.10476731025042808, 'new'), (0.07801197159243048, 'capacity'), (0.0755160054735073, 'foot'), (0.0727956697452037, 'alaska'), (0.0700026848682188, 'north'), (0.06938649792318038, 'cubic')]","[('1616 regions and regional policy', 8.24)]","[('4811 organisation of transport', 0.83)]",greyroads_aeo_min_freq_40_1997_2020_ngram,k30_a0.01_var0.05,0.5120939910349189,"[(['4026 accounting'], 'baseline'), (['1616 regions and regional policy'], 'tfidf'), (['4811 organisation of transport'], 'emb')]",False,tfidf
78,"[(0.1703691399586523, 'opec'), (0.14454337576015822, 'reserve'), (0.11780265583782909, 'production'), (0.10227912416623908, 'barrel'), (0.08852168272197834, 'oil'), (0.08764427034994383, 'estimate'), (0.07977031251130158, 'non'), (0.07282430305822203, 'expect'), (0.07229244788640041, 'day'), (0.06395268774927507, 'resource')]","[('6406 production', 5.93)]","[('2451 prices', 0.89)]",greyroads_ieo_min_freq_40_1997_2020_ngram,k30_a0.01_var0.05,0.6884900182830279,"[(['2451 prices'], 'emb'), (['3611 humanities'], 'baseline'), (['6406 production'], 'tfidf')]",False,emb
40,"[(0.13395606291398046, 'percent'), (0.12877214932648978, 'increase'), (0.11477450639253796, 'case'), (0.10291466153708669, 'reference'), (0.09760173573664424, 'liquid'), (0.09671166418810966, 'grow'), (0.09048379176354525, 'fuel'), (0.07897120655073038, 'total'), (0.07862337810502677, 'share'), (0.07719084348584866, 'growth')]","[('2016 business operations and trade', 2.65)]","[('2451 prices', 0.93)]",greyroads_aeo_min_freq_40_1997_2020_ngram,k30_a0.01_var0.05,0.5225772540773056,"[(['2016 business operations and trade'], 'tfidf'), (['6036 food technology'], 'baseline'), (['2451 prices'], 'emb')]",False,tfidf
31,"[(0.43320466929331153, 'coal'), (0.12312055209114217, 'ton'), (0.08423354362035818, 'production'), (0.06680367109857119, 'cost'), (0.05474056957099318, 'percent'), (0.048806098992659884, 'productivity'), (0.047816823540786764, 'export'), (0.047374993883538295, 'u.s'), (0.0471022988693782, 'increase'), (0.04679677903926059, 'region')]","[('6611 coal and mining industries', 16.94)]","[('6406 production', 0.92)]",greyroads_aeo_min_freq_40_1997_2020_ngram,k30_a0.01_var0.05,0.6237031781880447,"[(['7226 asia and oceania'], 'baseline'), (['6406 production'], 'emb'), (['6611 coal and mining industries'], 'tfidf')]",False,tfidf
82,"[(0.2155540693579981, 'electricity'), (0.15833931479289337, 'generation'), (0.14161528388208952, 'percent'), (0.11485901733997507, 'expect'), (0.08811230429997609, 'share'), (0.08066843026416363, 'natural_gas'), (0.0654209482520922, 'project'), (0.050085289424563174, 'region'), (0.04567484930404484, 'demand'), (0.03967049308220384, 'fuel')]","[('1616 regions and regional policy', 3.02)]","[('6406 production', 0.91)]",greyroads_ieo_min_freq_40_1997_2020_ngram,k30_a0.01_var0.05,0.766209604850563,"[(['6406 production'], 'emb'), (['6036 food technology'], 'baseline'), (['1616 regions and regional policy'], 'tfidf')]",False,emb
29,"[(0.23902283163422916, 'engine'), (0.14679678426690776, 'fuel'), (0.13691680150884136, 'emission'), (0.11337486455869758, 'injection'), (0.08469142040338093, 'diesel'), (0.06760294084935872, 'co'), (0.05756266377110104, 'combustion'), (0.053753026155889616, 'high'), (0.05087391454306202, 'low'), (0.049404752308531814, 'increase')]","[('5206 environmental policy', 4.61)]","[('6626 renewable energy', 0.84)]",journal_energy_policy_applied_energy_1997_2020_abstract_all_ngram_min_freq_150,k30_a0.01_var0.05,0.6117432698132304,"[(['2816 demography and population'], 'baseline'), (['5206 environmental policy'], 'tfidf'), (['6626 renewable energy'], 'emb')]",False,tfidf
58,"[(0.21128864457309562, 'state'), (0.12310801822901712, 'act'), (0.09872280226242601, 'program'), (0.09701976525641998, 'energy'), (0.08954409180045066, 'new'), (0.08622272235324366, 'u.s'), (0.08043964568879886, 'standard'), (0.07644885287628098, 'include'), (0.07275500142722773, 'california'), (0.0644504555330391, 'federal')]","[('6626 renewable energy', 4.44)]","[('2016 business operations and trade', 0.9)]",greyroads_aeo_min_freq_40_1997_2020_ngram,k30_a0.01_var0.05,0.5878442235373396,"[(['6626 renewable energy'], 'tfidf'), (['6621 electrical and nuclear industries'], 'baseline'), (['2016 business operations and trade'], 'emb')]",False,tfidf
87,"[(0.21463522876849453, 'generation'), (0.11267904731297683, 'natural_gas'), (0.10741954317621161, 'renewable'), (0.10022869513126156, 'nuclear'), (0.08545292144353839, 'capacity'), (0.08389187006520164, 'electricity'), (0.0827937607446054, 'cost'), (0.07359217088634998, 'increase'), (0.07295418156057554, 'coal'), (0.06635258091078446, 'power')]","[('6621 electrical and nuclear industries', 8.21)]","[('6626 renewable energy', 0.91)]",greyroads_ieo_min_freq_40_1997_2020_ngram,k30_a0.01_var0.05,1.2857442680872453,"[(['6626 renewable energy'], 'emb'), (['6821 mechanical engineering'], 'baseline'), (['6621 electrical and nuclear industries'], 'tfidf')]",False,baseline
48,"[(0.30304707699002953, 'case'), (0.11355404918684808, 'reference'), (0.10396514334152149, 'policy'), (0.0887227654485423, 'extended'), (0.07466142334522742, 'commercial'), (0.07268156042906776, 'sector'), (0.0661554355009674, 'generation'), (0.06329245493538983, 'building'), (0.05792539675846582, 'sunset'), (0.05599469406394049, 'technology')]","[('6411 technology and technical regulations', 3.03)]","[('2016 business operations and trade', 0.94)]",greyroads_aeo_min_freq_40_1997_2020_ngram,k30_a0.01_var0.05,0.488510889191711,"[(['6411 technology and technical regulations'], 'tfidf'), (['2036 distributive trades'], 'baseline'), (['2016 business operations and trade'], 'emb')]",False,emb
15,"[(0.1722903145727065, 'model'), (0.11516452552206934, 'method'), (0.10881669379167, 'propose'), (0.10546118304915461, 'optimization'), (0.10292547750958268, 'optimal'), (0.09158982835709464, 'system'), (0.08573888477710007, 'problem'), (0.07449977617765569, 'objective'), (0.07385983322589318, 'approach'), (0.0696534830170732, 'base')]","[('2016 business operations and trade', 2.55)]","[('6411 technology and technical regulations', 0.86)]",journal_energy_policy_applied_energy_1997_2020_abstract_all_ngram_min_freq_150,k30_a0.01_var0.05,0.9794550479670807,"[(['2016 business operations and trade'], 'tfidf'), (['6411 technology and technical regulations'], 'emb'), (['6821 mechanical engineering'], 'baseline')]",False,emb
20,"[(0.1852877038048325, 'policy'), (0.16571147925036783, 'paper'), (0.12705392825033499, 'technology'), (0.12536202826270867, 'development'), (0.06889719053597941, 'industry'), (0.06820737169752607, 'issue'), (0.06795256944688284, 'review'), (0.06452832679616544, 'government'), (0.06394264684209007, 'challenge'), (0.06305675511311214, 'process')]","[('6411 technology and technical regulations', 8.56)]","[('2016 business operations and trade', 0.93)]",journal_energy_policy_applied_energy_1997_2020_abstract_all_ngram_min_freq_150,k30_a0.01_var0.05,2.1685239533326164,"[(['6626 renewable energy'], 'baseline'), (['6411 technology and technical regulations'], 'tfidf'), (['2016 business operations and trade'], 'emb')]",False,tfidf
17,"[(0.14884738659925653, 'temperature'), (0.13386152647587252, 'cycle'), (0.11565037282416832, 'system'), (0.11081459897221325, 'performance'), (0.09591933456632469, 'heat'), (0.09449539483846173, 'air'), (0.09104893968125542, 'cool'), (0.08834811239736558, 'efficiency'), (0.06346221506145945, 'exergy'), (0.05755211858362258, 'gas')]","[('2016 business operations and trade', 2.34)]","[('6626 renewable energy', 0.88)]",journal_energy_policy_applied_energy_1997_2020_abstract_all_ngram_min_freq_150,k30_a0.01_var0.05,0.7561705052740284,"[(['6626 renewable energy'], 'emb'), (['2016 business operations and trade'], 'tfidf'), (['2446 taxation'], 'baseline')]",False,emb
64,"[(0.17636113537773535, 'site'), (0.15324504632376054, 'web'), (0.14820625795627312, 'p.'), (0.1230824682636385, 'energy'), (0.10252247650113087, 'vol'), (0.0909035961417476, 'world'), (0.05868178188228934, 'gas'), (0.05554244187496756, 'pp'), (0.04581830100971289, 'global'), (0.045636494668744296, 'news')]","[('6626 renewable energy', 5.46)]","[('6416 research and intellectual property', 0.81)]",greyroads_ieo_min_freq_40_1997_2020_ngram,k30_a0.01_var0.05,0.6382834804248444,"[(['6416 research and intellectual property'], 'emb'), (['6626 renewable energy'], 'tfidf'), (['3611 humanities'], 'baseline')]",False,emb
50,"[(0.16432241718198762, 'growth'), (0.15462928905707943, 'case'), (0.11832337524533337, 'percent'), (0.09945083154703838, 'year'), (0.09307367863572359, 'high'), (0.09244536563947, 'economic_growth'), (0.08028146586799385, 'low'), (0.07259980064606968, 'reference'), (0.06586731102081414, 'average'), (0.05900646515848993, 'gdp')]","[('1611 economic conditions', 2.05)]","[('2451 prices', 0.91)]",greyroads_aeo_min_freq_40_1997_2020_ngram,k30_a0.01_var0.05,0.9046512334485627,"[(['2451 prices'], 'emb'), (['1611 economic conditions'], 'tfidf'), (['7216 america'], 'baseline')]",False,tfidf
30,"[(0.1413477791765479, 'case'), (0.13434935824811656, 'generation'), (0.13416244169258176, 'capacity'), (0.10568079427530212, 'coal'), (0.09839433044261073, 'natural_gas'), (0.09722067471590616, 'electricity'), (0.09224342000052622, 'fire'), (0.07517478301716074, 'reference'), (0.061453882726011586, 'percent'), (0.059972535705236044, 'low')]","[('6611 coal and mining industries', 4.11)]","[('6406 production', 0.89)]",greyroads_aeo_min_freq_40_1997_2020_ngram,k30_a0.01_var0.05,1.9083975884952913,"[(['4816 land transport'], 'baseline'), (['6406 production'], 'emb'), (['6611 coal and mining industries'], 'tfidf')]",False,emb
46,"[(0.19825602690014812, 'energy'), (0.11447069788511449, 'percent'), (0.09862154598836433, 'use'), (0.09831959492944826, 'increase'), (0.0961468148359572, 'energy_consumption'), (0.08487641074439932, 'natural_gas'), (0.07900245503100711, 'industrial'), (0.07867836264408996, 'project'), (0.07779974871750198, 'btu'), (0.07382834232396919, 'industry')]","[('6626 renewable energy', 8.84)]","[('6406 production', 0.92)]",greyroads_aeo_min_freq_40_1997_2020_ngram,k30_a0.01_var0.05,1.5062220043168202,"[(['6406 production'], 'emb'), (['2016 business operations and trade'], 'baseline'), (['6626 renewable energy'], 'tfidf')]",False,emb
54,"[(0.24075108349306698, 'price'), (0.21222684094357155, 'oil'), (0.12519212018302897, 'high'), (0.09879729534708187, 'low'), (0.07482161823149892, 'case'), (0.06896374300730239, 'resource'), (0.05107839924981881, 'gas'), (0.046724778876819084, 'technology'), (0.04224876336893474, 'reference'), (0.03919535729887662, 'world')]","[('2451 prices', 55.86)]","[('2016 business operations and trade', 0.91)]",greyroads_aeo_min_freq_40_1997_2020_ngram,k30_a0.01_var0.05,1.3875409462990596,"[(['2451 prices'], 'tfidf'), (['2016 business operations and trade'], 'emb'), (['7226 asia and oceania'], 'baseline')]",False,tfidf
76,"[(0.1910421527656845, 'oecd'), (0.171410432816825, 'non'), (0.12358633834859785, 'increase'), (0.1160875167775755, 'percent'), (0.07293978754698653, 'consumption'), (0.07243443459451675, 'oecd_country'), (0.07181214462375021, 'growth'), (0.06492090753621964, 'grow'), (0.06167810090255423, 'average'), (0.054088184087289604, 'world')]","[('2016 business operations and trade', 4.49)]","[('1611 economic conditions', 0.88)]",greyroads_ieo_min_freq_40_1997_2020_ngram,k30_a0.01_var0.05,1.7043617692597663,"[(['1611 economic conditions'], 'emb'), (['3606 natural and applied sciences'], 'baseline'), (['2016 business operations and trade'], 'tfidf')]",False,emb
12,"[(0.23456623293133202, 'project'), (0.0995165908708833, 'result'), (0.09266048892308953, 'factor'), (0.08749546986470401, 'study'), (0.08606464030197282, 'local'), (0.08477233155257764, 'survey'), (0.08193240710713899, 'community'), (0.08012873293053814, 'social'), (0.07909715981174693, 'public'), (0.07376594570601648, 'environmental')]","[('5206 environmental policy', 7.31)]","[('6416 research and intellectual property', 0.92)]",journal_energy_policy_applied_energy_1997_2020_abstract_all_ngram_min_freq_150,k30_a0.01_var0.05,0.8738112044005266,"[(['2451 prices'], 'baseline'), (['5206 environmental policy'], 'tfidf'), (['6416 research and intellectual property'], 'emb')]",False,emb
72,"[(0.17130987505774722, 'coal'), (0.15357547024455076, 'energy'), (0.1425469324735812, 'site'), (0.10955237645007762, 'web'), (0.09736355626728135, 'p.'), (0.08420536437492095, 'information'), (0.06778996041472382, 'website'), (0.06231903865604269, 'international'), (0.05660246764932475, 'report'), (0.0547349584117498, 'administration')]","[('6626 renewable energy', 6.7)]","[('6416 research and intellectual property', 0.87)]",greyroads_ieo_min_freq_40_1997_2020_ngram,k30_a0.01_var0.05,0.5646393617298384,"[(['6626 renewable energy'], 'tfidf'), (['2451 prices'], 'baseline'), (['6416 research and intellectual property'], 'emb')]",False,baseline
