,top_words,tfidf,embedding,dataset,model,weights,multi_choice,same,human_choice
32,"[(0.19966528365036137, 'fuel'), (0.15430094582078407, 'cost'), (0.0845809259903958, 'biofuel'), (0.08338854510845131, 'liquid'), (0.08321884533489586, 'production'), (0.07988711225056556, 'ethanol'), (0.07975562163559224, 'market'), (0.07929113000883882, 'feedstock'), (0.0782352514091317, 'process'), (0.07767633879098336, 'product')]","[('2016 business operations and trade', 8.49)]","[('6616 oil and gas industry', 0.89)]",greyroads_aeo_min_freq_40_1997_2020_ngram,k30_a0.01_var0.05,0.433302200157449,"[(['2016 business operations and trade'], 'tfidf'), (['6831 building and public works'], 'baseline'), (['6616 oil and gas industry'], 'emb')]",False,emb
72,"[(0.17130987505774722, 'coal'), (0.15357547024455076, 'energy'), (0.1425469324735812, 'site'), (0.10955237645007762, 'web'), (0.09736355626728135, 'p.'), (0.08420536437492095, 'information'), (0.06778996041472382, 'website'), (0.06231903865604269, 'international'), (0.05660246764932475, 'report'), (0.0547349584117498, 'administration')]","[('6626 renewable energy', 6.7)]","[('6416 research and intellectual property', 0.87)]",greyroads_ieo_min_freq_40_1997_2020_ngram,k30_a0.01_var0.05,0.5646393617298384,"[(['6626 renewable energy'], 'tfidf'), (['2451 prices'], 'baseline'), (['6416 research and intellectual property'], 'emb')]",False,baseline
40,"[(0.13395606291398046, 'percent'), (0.12877214932648978, 'increase'), (0.11477450639253796, 'case'), (0.10291466153708669, 'reference'), (0.09760173573664424, 'liquid'), (0.09671166418810966, 'grow'), (0.09048379176354525, 'fuel'), (0.07897120655073038, 'total'), (0.07862337810502677, 'share'), (0.07719084348584866, 'growth')]","[('2016 business operations and trade', 2.65)]","[('2451 prices', 0.93)]",greyroads_aeo_min_freq_40_1997_2020_ngram,k30_a0.01_var0.05,0.5225772540773056,"[(['2016 business operations and trade'], 'tfidf'), (['6036 food technology'], 'baseline'), (['2451 prices'], 'emb')]",False,tfidf
24,"[(0.25623874281411907, 'system'), (0.13094981286776344, 'performance'), (0.12231767086922228, 'control'), (0.10366585348671604, 'design'), (0.07479847218843201, 'fuel_cell'), (0.06945967082530706, 'condition'), (0.0669077352438199, 'operation'), (0.06128627786944758, 'simulation'), (0.05741080880240657, 'current'), (0.056964955032765996, 'result')]","[('2016 business operations and trade', 5.71)]","[('6411 technology and technical regulations', 0.91)]",journal_energy_policy_applied_energy_1997_2020_abstract_all_ngram_min_freq_150,k30_a0.01_var0.05,0.7244237732243357,"[(['6411 technology and technical regulations'], 'emb'), (['2016 business operations and trade'], 'tfidf'), (['5206 environmental policy'], 'baseline')]",False,emb
43,"[(0.2237093552532178, 'module'), (0.11350467576001014, 'energy'), (0.10436074898369421, 'represent'), (0.0977524388485141, 'include'), (0.09236610181348352, 'nem'), (0.0875519153951502, 'demand'), (0.07891414115525493, 'model'), (0.0708412271197464, 'use'), (0.06618189295047376, 'fuel'), (0.06481750272045493, 'sector')]","[('6626 renewable energy', 5.09)]","[('6406 production', 0.91)]",greyroads_aeo_min_freq_40_1997_2020_ngram,k30_a0.01_var0.05,0.662892509336395,"[(['6406 production'], 'emb'), (['6626 renewable energy'], 'tfidf'), (['5206 environmental policy'], 'baseline')]",False,emb
12,"[(0.23456623293133202, 'project'), (0.0995165908708833, 'result'), (0.09266048892308953, 'factor'), (0.08749546986470401, 'study'), (0.08606464030197282, 'local'), (0.08477233155257764, 'survey'), (0.08193240710713899, 'community'), (0.08012873293053814, 'social'), (0.07909715981174693, 'public'), (0.07376594570601648, 'environmental')]","[('5206 environmental policy', 7.31)]","[('6416 research and intellectual property', 0.92)]",journal_energy_policy_applied_energy_1997_2020_abstract_all_ngram_min_freq_150,k30_a0.01_var0.05,0.8738112044005266,"[(['2451 prices'], 'baseline'), (['5206 environmental policy'], 'tfidf'), (['6416 research and intellectual property'], 'emb')]",False,emb
28,"[(0.5060304006081716, 'energy'), (0.11169680145064598, 'energy_efficiency'), (0.06901930718404842, 'building'), (0.05628206454319432, 'system'), (0.054917196782609826, 'paper'), (0.04679641364580234, 'analysis'), (0.04401333989113056, 'indicator'), (0.04256382768589895, 'measure'), (0.03850160079437592, 'present'), (0.030179047414122015, 'energy_consumption')]","[('6626 renewable energy', 22.08)]","[('6411 technology and technical regulations', 0.93)]",journal_energy_policy_applied_energy_1997_2020_abstract_all_ngram_min_freq_150,k30_a0.01_var0.05,1.2785082173452136,"[(['6626 renewable energy'], 'tfidf'), (['6411 technology and technical regulations'], 'emb'), (['2016 business operations and trade'], 'baseline')]",False,emb
26,"[(0.1613411048886708, 'scenario'), (0.11938794834404087, 'electricity'), (0.11662670169396802, 'generation'), (0.1048269780473761, 'technology'), (0.08999135107205701, 'cost'), (0.08727852052424752, 'power'), (0.08650426976969082, 'energy'), (0.08628710870273772, 'future'), (0.08215330722126027, 'system'), (0.06560270973595109, 'demand')]","[('6411 technology and technical regulations', 5.76)]","[('6406 production', 0.9)]",journal_energy_policy_applied_energy_1997_2020_abstract_all_ngram_min_freq_150,k30_a0.01_var0.05,1.1807973973389123,"[(['6406 production'], 'emb'), (['4811 organisation of transport'], 'baseline'), (['6411 technology and technical regulations'], 'tfidf')]",False,emb
16,"[(0.35431230016434556, 'water'), (0.14595881795610033, 'hydrogen'), (0.14166583827394202, 'storage'), (0.06866725189088249, 'system'), (0.05880801718681609, 'hydropower'), (0.05866973120654597, 'energy'), (0.04910801092790097, 'pump'), (0.04536381668830956, 'tank'), (0.04170646742864989, 'hydro'), (0.03573974827650705, 'fuel_cell')]","[('5211 natural environment', 10.87)]","[('6626 renewable energy', 0.92)]",journal_energy_policy_applied_energy_1997_2020_abstract_all_ngram_min_freq_150,k30_a0.01_var0.05,0.337967424291258,"[(['6626 renewable energy'], 'emb'), (['5211 natural environment'], 'tfidf'), (['2036 distributive trades'], 'baseline')]",False,emb
76,"[(0.1910421527656845, 'oecd'), (0.171410432816825, 'non'), (0.12358633834859785, 'increase'), (0.1160875167775755, 'percent'), (0.07293978754698653, 'consumption'), (0.07243443459451675, 'oecd_country'), (0.07181214462375021, 'growth'), (0.06492090753621964, 'grow'), (0.06167810090255423, 'average'), (0.054088184087289604, 'world')]","[('2016 business operations and trade', 4.49)]","[('1611 economic conditions', 0.88)]",greyroads_ieo_min_freq_40_1997_2020_ngram,k30_a0.01_var0.05,1.7043617692597663,"[(['1611 economic conditions'], 'emb'), (['3606 natural and applied sciences'], 'baseline'), (['2016 business operations and trade'], 'tfidf')]",False,emb
80,"[(0.2792548095515288, 'emission'), (0.1386306046395523, 'carbon_dioxide'), (0.10347926772243923, 'ton'), (0.10168130605879214, 'metric'), (0.08969368542868582, 'relate'), (0.0751942257383857, 'carbon'), (0.06014852883979275, 'percent'), (0.057070599979511125, 'project'), (0.05176789945668582, 'country'), (0.04307907258462633, 'case')]","[('5206 environmental policy', 10.03)]","[('6406 production', 0.85)]",greyroads_ieo_min_freq_40_1997_2020_ngram,k30_a0.01_var0.05,0.6636192107848813,"[(['5206 environmental policy'], 'tfidf'), (['1216 criminal law'], 'baseline'), (['6406 production'], 'emb')]",False,tfidf
46,"[(0.19825602690014812, 'energy'), (0.11447069788511449, 'percent'), (0.09862154598836433, 'use'), (0.09831959492944826, 'increase'), (0.0961468148359572, 'energy_consumption'), (0.08487641074439932, 'natural_gas'), (0.07900245503100711, 'industrial'), (0.07867836264408996, 'project'), (0.07779974871750198, 'btu'), (0.07382834232396919, 'industry')]","[('6626 renewable energy', 8.84)]","[('6406 production', 0.92)]",greyroads_aeo_min_freq_40_1997_2020_ngram,k30_a0.01_var0.05,1.5062220043168202,"[(['6406 production'], 'emb'), (['2016 business operations and trade'], 'baseline'), (['6626 renewable energy'], 'tfidf')]",False,emb
82,"[(0.2155540693579981, 'electricity'), (0.15833931479289337, 'generation'), (0.14161528388208952, 'percent'), (0.11485901733997507, 'expect'), (0.08811230429997609, 'share'), (0.08066843026416363, 'natural_gas'), (0.0654209482520922, 'project'), (0.050085289424563174, 'region'), (0.04567484930404484, 'demand'), (0.03967049308220384, 'fuel')]","[('1616 regions and regional policy', 3.02)]","[('6406 production', 0.91)]",greyroads_ieo_min_freq_40_1997_2020_ngram,k30_a0.01_var0.05,0.766209604850563,"[(['6406 production'], 'emb'), (['6036 food technology'], 'baseline'), (['1616 regions and regional policy'], 'tfidf')]",False,emb
50,"[(0.16432241718198762, 'growth'), (0.15462928905707943, 'case'), (0.11832337524533337, 'percent'), (0.09945083154703838, 'year'), (0.09307367863572359, 'high'), (0.09244536563947, 'economic_growth'), (0.08028146586799385, 'low'), (0.07259980064606968, 'reference'), (0.06586731102081414, 'average'), (0.05900646515848993, 'gdp')]","[('1611 economic conditions', 2.05)]","[('2451 prices', 0.91)]",greyroads_aeo_min_freq_40_1997_2020_ngram,k30_a0.01_var0.05,0.9046512334485627,"[(['2451 prices'], 'emb'), (['1611 economic conditions'], 'tfidf'), (['7216 america'], 'baseline')]",False,tfidf
65,"[(0.39477621175669764, 'coal'), (0.12912944085999417, 'import'), (0.0984602396816441, 'ton'), (0.07801235686536695, 'export'), (0.07513970928521822, 'increase'), (0.05731083915138125, 'percent'), (0.047800895824651975, 'world'), (0.04042284036953528, 'project'), (0.039954048199486066, 'trade'), (0.038993418006024363, 'coke_coal')]","[('6611 coal and mining industries', 15.34)]","[('6406 production', 0.91)]",greyroads_ieo_min_freq_40_1997_2020_ngram,k30_a0.01_var0.05,0.696678643002092,"[(['2816 demography and population'], 'baseline'), (['6406 production'], 'emb'), (['6611 coal and mining industries'], 'tfidf')]",False,tfidf
54,"[(0.24075108349306698, 'price'), (0.21222684094357155, 'oil'), (0.12519212018302897, 'high'), (0.09879729534708187, 'low'), (0.07482161823149892, 'case'), (0.06896374300730239, 'resource'), (0.05107839924981881, 'gas'), (0.046724778876819084, 'technology'), (0.04224876336893474, 'reference'), (0.03919535729887662, 'world')]","[('2451 prices', 55.86)]","[('2016 business operations and trade', 0.91)]",greyroads_aeo_min_freq_40_1997_2020_ngram,k30_a0.01_var0.05,1.3875409462990596,"[(['2451 prices'], 'tfidf'), (['2016 business operations and trade'], 'emb'), (['7226 asia and oceania'], 'baseline')]",False,emb
55,"[(0.13788170012557377, 'pipeline'), (0.1366207790683022, 'region'), (0.13151853633045127, 'natural_gas'), (0.12349884462270416, 'lng'), (0.10476731025042808, 'new'), (0.07801197159243048, 'capacity'), (0.0755160054735073, 'foot'), (0.0727956697452037, 'alaska'), (0.0700026848682188, 'north'), (0.06938649792318038, 'cubic')]","[('1616 regions and regional policy', 8.24)]","[('4811 organisation of transport', 0.83)]",greyroads_aeo_min_freq_40_1997_2020_ngram,k30_a0.01_var0.05,0.5120939910349189,"[(['4026 accounting'], 'baseline'), (['1616 regions and regional policy'], 'tfidf'), (['4811 organisation of transport'], 'emb')]",False,tfidf
59,"[(0.20321782804682176, 'cost'), (0.13579137684694, 'market'), (0.12256804106732459, 'electricity'), (0.10981972635182354, 'price'), (0.08000804747146205, 'competitive'), (0.07470132198185542, 'customer'), (0.07260342691839065, 'state'), (0.06970671621819052, 'utility'), (0.06825990986264008, 'transmission'), (0.06332360523455152, 'power')]","[('2451 prices', 26.58)]","[('2016 business operations and trade', 0.9)]",greyroads_aeo_min_freq_40_1997_2020_ngram,k30_a0.01_var0.05,0.6527339767090853,"[(['2016 business operations and trade'], 'emb'), (['6616 oil and gas industry'], 'baseline'), (['2451 prices'], 'tfidf')]",False,tfidf
67,"[(0.17233755385462157, 'energy'), (0.15494276354573927, 'energy_consumption'), (0.09982194012700482, 'sector'), (0.09208199920906594, 'energy_use'), (0.08514681922628368, 'industrial_sector'), (0.08403631126257642, 'increase'), (0.08312798989968763, 'industrial'), (0.08272112899401941, 'growth'), (0.07291952396400533, 'intensive'), (0.07286396991699601, 'residential')]","[('6626 renewable energy', 7.52)]","[('6406 production', 0.92)]",greyroads_ieo_min_freq_40_1997_2020_ngram,k30_a0.01_var0.05,1.4101054667748845,"[(['6411 technology and technical regulations'], 'baseline'), (['6406 production'], 'emb'), (['6626 renewable energy'], 'tfidf')]",False,baseline
45,"[(0.3774049410616152, 'case'), (0.1149273994354511, 'reference'), (0.10191933163673494, 'technology'), (0.08307695130973629, 'assume'), (0.07757135919016758, 'cost'), (0.060534270297877175, 'high'), (0.054298938092025, 'percent'), (0.053722036908175605, 'low'), (0.049880100961331046, 'assumption'), (0.026664671106885945, 'change')]","[('6411 technology and technical regulations', 6.31)]","[('2451 prices', 0.92)]",greyroads_aeo_min_freq_40_1997_2020_ngram,k30_a0.01_var0.05,1.0525252462442007,"[(['6411 technology and technical regulations'], 'tfidf'), (['2451 prices'], 'emb'), (['4026 accounting'], 'baseline')]",False,emb
85,"[(0.27178815904789105, 'emission'), (0.11602626403676679, 'sulfur'), (0.11070617678715827, 'reduce'), (0.08853658520111038, 'reduction'), (0.08782113065769359, 'standard'), (0.0718382063967017, 'fuel'), (0.06803260027726238, 'new'), (0.06307370924681044, 'require'), (0.06157375533252776, 'target'), (0.060603413016077794, 'dioxide')]","[('5206 environmental policy', 10.89)]","[('5216 deterioration of the environment', 0.85)]",greyroads_ieo_min_freq_40_1997_2020_ngram,k30_a0.01_var0.05,0.4528647105472565,"[(['5216 deterioration of the environment'], 'emb'), (['6036 food technology'], 'baseline'), (['5206 environmental policy'], 'tfidf')]",False,tfidf
88,"[(0.20971294466981025, 'energy'), (0.19028944827699656, 'intensity'), (0.10065447163226374, 'gdp'), (0.09069847540495993, 'case'), (0.07673427789625895, 'economic_growth'), (0.07304306463397414, 'btu'), (0.07165430045436329, 'capita'), (0.0659362096968617, 'high'), (0.06231213525969611, 'energy_consumption'), (0.05896467207481555, 'change')]","[('6626 renewable energy', 9.15)]","[('2451 prices', 0.87)]",greyroads_ieo_min_freq_40_1997_2020_ngram,k30_a0.01_var0.05,0.5277911685968127,"[(['6626 renewable energy'], 'tfidf'), (['2451 prices'], 'emb'), (['1631 economic analysis'], 'baseline')]",False,tfidf
30,"[(0.1413477791765479, 'case'), (0.13434935824811656, 'generation'), (0.13416244169258176, 'capacity'), (0.10568079427530212, 'coal'), (0.09839433044261073, 'natural_gas'), (0.09722067471590616, 'electricity'), (0.09224342000052622, 'fire'), (0.07517478301716074, 'reference'), (0.061453882726011586, 'percent'), (0.059972535705236044, 'low')]","[('6611 coal and mining industries', 4.11)]","[('6406 production', 0.89)]",greyroads_aeo_min_freq_40_1997_2020_ngram,k30_a0.01_var0.05,1.9083975884952913,"[(['4816 land transport'], 'baseline'), (['6406 production'], 'emb'), (['6611 coal and mining industries'], 'tfidf')]",False,emb
87,"[(0.21463522876849453, 'generation'), (0.11267904731297683, 'natural_gas'), (0.10741954317621161, 'renewable'), (0.10022869513126156, 'nuclear'), (0.08545292144353839, 'capacity'), (0.08389187006520164, 'electricity'), (0.0827937607446054, 'cost'), (0.07359217088634998, 'increase'), (0.07295418156057554, 'coal'), (0.06635258091078446, 'power')]","[('6621 electrical and nuclear industries', 8.21)]","[('6626 renewable energy', 0.91)]",greyroads_ieo_min_freq_40_1997_2020_ngram,k30_a0.01_var0.05,1.2857442680872453,"[(['6626 renewable energy'], 'emb'), (['6821 mechanical engineering'], 'baseline'), (['6621 electrical and nuclear industries'], 'tfidf')]",False,baseline
25,"[(0.21647753613152568, 'building'), (0.2011033360371364, 'thermal'), (0.10179030813110827, 'heating'), (0.09875550861861722, 'temperature'), (0.08874599428533318, 'heat'), (0.08544950341568362, 'cool'), (0.06236011130852627, 'material'), (0.04963773838694882, 'air'), (0.04833449718509891, 'pcm'), (0.047345466500021346, 'system')]","[('6831 building and public works', 9.2)]","[('6626 renewable energy', 0.86)]",journal_energy_policy_applied_energy_1997_2020_abstract_all_ngram_min_freq_150,k30_a0.01_var0.05,0.7485849872152254,"[(['6831 building and public works'], 'tfidf'), (['4026 accounting'], 'baseline'), (['6626 renewable energy'], 'emb')]",False,tfidf
56,"[(0.28752310135764403, 'emission'), (0.09661050263738961, 'cap'), (0.09633764956513229, 'state'), (0.09328695247418578, 'allowance'), (0.08345321989447001, 'cpp'), (0.0804768002683333, 'rule'), (0.0783246390677535, 'reduction'), (0.06392759943423476, 'reduce'), (0.0600414373286509, 'mercury'), (0.060018097972205864, 'epa')]","[('5206 environmental policy', 11.42)]","[('2446 taxation', 0.85)]",greyroads_aeo_min_freq_40_1997_2020_ngram,k30_a0.01_var0.05,0.7042336508332749,"[(['2446 taxation'], 'emb'), (['5206 environmental policy'], 'tfidf'), (['6821 mechanical engineering'], 'baseline')]",False,tfidf
48,"[(0.30304707699002953, 'case'), (0.11355404918684808, 'reference'), (0.10396514334152149, 'policy'), (0.0887227654485423, 'extended'), (0.07466142334522742, 'commercial'), (0.07268156042906776, 'sector'), (0.0661554355009674, 'generation'), (0.06329245493538983, 'building'), (0.05792539675846582, 'sunset'), (0.05599469406394049, 'technology')]","[('6411 technology and technical regulations', 3.03)]","[('2016 business operations and trade', 0.94)]",greyroads_aeo_min_freq_40_1997_2020_ngram,k30_a0.01_var0.05,0.488510889191711,"[(['6411 technology and technical regulations'], 'tfidf'), (['2036 distributive trades'], 'baseline'), (['2016 business operations and trade'], 'emb')]",False,emb
20,"[(0.1852877038048325, 'policy'), (0.16571147925036783, 'paper'), (0.12705392825033499, 'technology'), (0.12536202826270867, 'development'), (0.06889719053597941, 'industry'), (0.06820737169752607, 'issue'), (0.06795256944688284, 'review'), (0.06452832679616544, 'government'), (0.06394264684209007, 'challenge'), (0.06305675511311214, 'process')]","[('6411 technology and technical regulations', 8.56)]","[('2016 business operations and trade', 0.93)]",journal_energy_policy_applied_energy_1997_2020_abstract_all_ngram_min_freq_150,k30_a0.01_var0.05,2.1685239533326164,"[(['6626 renewable energy'], 'baseline'), (['6411 technology and technical regulations'], 'tfidf'), (['2016 business operations and trade'], 'emb')]",False,tfidf
9,"[(0.15282978067284345, 'temperature'), (0.14312827413055243, 'high'), (0.11683290306582395, 'reaction'), (0.11002453117487455, 'process'), (0.09819534443934551, 'reactor'), (0.08001473549159294, 'concentration'), (0.07688594218189848, 'catalyst'), (0.07561346030573675, 'chemical'), (0.07365064684135761, 'increase'), (0.07282438169597445, 'content')]","[('6621 electrical and nuclear industries', 6.16)]","[('6411 technology and technical regulations', 0.87)]",journal_energy_policy_applied_energy_1997_2020_abstract_all_ngram_min_freq_150,k30_a0.01_var0.05,0.8200568903365019,"[(['6411 technology and technical regulations'], 'emb'), (['2016 business operations and trade'], 'baseline'), (['6621 electrical and nuclear industries'], 'tfidf')]",False,tfidf
2,"[(0.32075350703622585, 'market'), (0.23533495294416695, 'price'), (0.1442558401390668, 'electricity'), (0.05035335299567754, 'paper'), (0.04654512188923257, 'competition'), (0.04290463671478347, 'company'), (0.04163197000920023, 'investment'), (0.04152596658580716, 'risk'), (0.038997297095047706, 'reform'), (0.037697354590791946, 'industry')]","[('2451 prices', 56.32)]","[('2016 business operations and trade', 0.96)]",journal_energy_policy_applied_energy_1997_2020_abstract_all_ngram_min_freq_150,k30_a0.01_var0.05,1.0185243284626526,"[(['1616 regions and regional policy'], 'baseline'), (['2451 prices'], 'tfidf'), (['2016 business operations and trade'], 'emb')]",False,baseline
